{"cameraMode":{"drawMode":0,"name":"Shaded","section":"Shading Mode"},"sceneLighting":true,"audioPlay":false,"sceneViewState":{"m_AlwaysRefresh":false,"showFog":true,"showSkybox":true,"showFlares":true,"showImageEffects":true,"showParticleSystems":true,"showVisualEffectGraphs":true,"m_FxEnabled":true},"in2DMode":false,"pivot":{"x":-0.1127685084939003,"y":0.7107706069946289,"z":-0.4978278875350952},"rotation":{"x":-0.0006411044741980732,"y":0.9993388056755066,"z":-0.028488904237747194,"w":-0.022489432245492936},"size":1.4273208379745484,"orthographic":false}